Marino;Canale;Mazzolai;Gabiccini;Pignatelli;Mattoli;Degl'Innocenti;Gustincich;Pellegrino;Ascenzi;Ciofani;Leo;Gemmi;Melone;Parlanti;Bicchi;Genchi;Settimi;Ceseracciu;Grillone;De Pasquale
De Angelis;Cerea;Miele;Giliberti;Tantussi;Petrozza;Manna;Mosconi;Dipalo;Manfredi;Krahne;Lee;Gulzar;Jacassi;Fantacci;Biagioni;Garoli;Calandrini;Marinaro;Caprettini;Meggiolaro;Brescia;Di Pietro;Perotto;Dante;Coletti;Miseikis;Li;Wang;Messina;Lovato;Toma;Salerno;Prato;Angeloni;Akkerman;Neutzner;Manca;Rossi
Papadopoulou;Morselli;Prato;Athanassiou;Pignatelli;Marini;Bayer;Hajiali;Davis
Malzahn;Lee;Kanoulas;Kryczka;Ajoudani;Kashiri;Roozing;Tsagarakis;Natale;Negrello;Catalano;Caldwell;Bicchi;Settimi;Rocchi
Coletti;Piazza;De Angelis;Forti;Beltram;Mishra;Gemmi;Miseikis;Convertino;Messina;Rossi
Raiola;Silvestri;Vecchione;Netti;Guarnieri
Testa;Manfredi;Lorusso;Ambrosio;Pellegrini
Caputo;Palazon;Athanassiou;Ferro;Fragouli;Morselli
Garau;Peruzzi;Diaspro;Margheritis;Intartaglia;Genovese;Bandiera;Natali;Castellani;Romeo;Scarpelli
Cerea;Toma;Tantussi;Prato;Jacassi;De Angelis;Manna;Garoli;Di Pietro;Perotto;Calandrini;Caprettini;Dipalo
Di Francesco;Pelicci;Wang;Genovese;Giuliani
Martin-Garcia;Colombo;Athanassiou;Khan;Angeloni;Brescia;Ceseracciu;Moreels
Ciofani;Marino;Mazzolai;Piazza;Pignatelli;Mattoli;Degl'Innocenti;Pellegrino;Gemmi;Parlanti;Genchi;Ceseracciu;Grillone;De Pasquale
Palumbo;Thomas;Pignatelli;Mattoli;Huang;Papaleo;Taccola;De Luca;Chen;Wang;Greco
Pedone;Moglianetti;De Luca;Pompa
Luzio;Metrangolo;Dang;Pace;Xu;Natali;Cavallo;Kim;Caironi
Aggius-Vella;Cuturi;Gori;Parmiggiani
Braccia;Arencibia;Girotto;De Vivo;Ortega;Borgogno;Bauer;Armirotti
Donati;Santoro
Weber;Colombo;Bonaccorso
Ortiz;Semini;Toxiri;Penza;Masood;Caldwell;Bauer;Camurri
Pelizzola;Costanza;Nicassio;Galeota;Sabo;Marzi;Muller;Melloni;Campaner;Morelli;De Pretis;Amati;Bonetti;Croci;Ceol
Alberti;Catalano;Pellegrino
Dipalo;Cerea;Miele;Tantussi;Caprettini;Jacassi;De Angelis;Garoli;Perotto;Calandrini;Messina;Lovato
Oneto;Donini
Fang;Wang;Zhou;Tsagarakis;Li
Heredia-Guerrero;Canale;Romano;Zahid;Contardi;Pompa;Athanassiou;Palazon;Prato;Valentini;Pignatelli;Bertorelli;Masood;Barthel;Perotto;Bayer;Hajiali;Ceseracciu;Cingolani;Davis
Shamsi;Canale;Dang;Prato;Imran;Khan;Akkerman;Palazon;Manna;Brescia;Bertoni;Bianchini
Motto Ros;Crepaldi;Bocchini;Pirri;Chiolerio
Glover;Bartolozzi;Vasco
Pontis;Palese;Cardinali;Realini;Ponzano;Bertozzi;Di Martino;Romeo;Armirotti
Lombardi;Manfredi;Cattano;Netti;Bonaccorso;Imparato;Prato;Piazza;Lorusso;Trevisan;Biamino;Pakkanen;Ambrosio;Ferrari;Polli
Laschi;Mazzolai;Kryczka;Dario
Manna;Cerea;De Trizio;Ansaldo;Petrozza;Dang;Genovese;Arciniegas;Cavalli;Mosconi;Gaspari;Scrosati;Vikulov;Moreels;Dinh;Canale;Shamsi;Krahne;Sun;Scotognella;Chen;Tassone;Pellegrini;Kriegel;Pellegrino;Buha;Silvestri;Urso;Almeida;Castelli;Veramonti;Lanzani;Gandini;Imran;Palazon;De Angelis;Feng;Brescia;Avellini;Di Pietro;Kim;Li;Ceseracciu;Dogan;Toma;Colombo;Bonaccorso;Prato;Khan;Akkerman;Neutzner;Manca;Bertoni;Najafishirtari;Bianchini;Giannuzzi
Kriegel;Criante;De Trizio;Lanzani;Scotognella;Prato;Manna;Tassone;Pellegrino;Brescia;Avellini;Urso;Bertoni;Manca;Cavalli;Almeida;Li;Chen;Gaspari;Ferrari
Salvador;Garino;Chiodoni;Castellino;Tommasi;Massaglia;Quaglio
Silvestri;Vecchione;Netti;Guarnieri;Raiola;Nori;Pucci;Manna;Pellegrino;Brescia;Negrello;Antonacci;Di Domenico;Guerrero;Profeta;Metta
Lorusso;Manfredi;Chiappone;Cattano;Lombardi;Valentini;Testa;Pirri;Trevisan;Pellegrini;Biamino;Pakkanen;Ambrosio
Sciutti;Nori;Vignolo;Rea;Aroyo;Sandini;Metta
De Nicola
Cauda;Bejtka;Pirri;Fontana;Castellino;Bella
Battisti
Orlando;Mezzetti;Guarnieri;Corradi;Valentini;Biagioni;Castroflorio;Fassio;Benfenati;Di Fonzo;Baldelli;Polini;Prestigio;Rossi
Tatti;Baud-Bovy
Bossio;Lanzani;Colombo;Antognazza;Zucchetti;Tullii;Bellani
Canale;Marino;Heredia-Guerrero;Shamsi;Diaspro;Dang;Prato;Imran;Khan;Athanassiou;Russo;Manna;Esposito;Cecchi;Brescia;Dante;Bayer;Bianchini;Hajiali;Ceseracciu;Cingolani
Metrangolo;Cavallo;Luzio
Netti;Diaspro;Raiola;Causa;Natale;Cavalli;Scognamiglio;Cosentino;Ferraro;Grimaldi;Dannhauser;Lombardi;Pellegrino;Silvestri;Maffettone;Greco;Ponsiglione;Ventre;Vecchione;Guarnieri;Russo;Esposito;Melone;Imparato;Totaro;De Gregorio;Celentano;Mazzarotta;De Luca;Savarese;Bianchini;Profeta;Rossi
Almeida;Dogan;Krahne;Scotognella;Manna;Kriegel;Pellegrino;Cavalli;Avellini;Bertoni;Gaspari
Imran;Canale;Shamsi;Dang;Prato;Manna;Khan;Akkerman;Palazon;Brescia;Bertoni
Huang;Ciampoli;Papaleo;Sona;Mereu;Ferretti;Palumbo;Chen;Murino;Wang;Thomas;Cannella
Ariano;Chiolerio;Bocchini;Farina;Chiappalone
Causa;Netti;Dannhauser;Mazzarotta;Natale;Scognamiglio;Ferraro;Rossi
Castello;Diaspro;Del Bue;Duocastella;Chen;Vicidomini;Deguchi;Bianchini;Hernandez;Tortarolo
Cervadoro;Palange;Decuzzi
Palange;Decuzzi;Rizzuti;Palomba;Cervadoro
Pisanello;Zhu;Pompa;Sileo;Chen;De Luca;Pellegrino;Lemma;De Vittorio;Assad
Dante;Salis;Canale;Diaspro;Salerno;Cecchi;De Angelis;Magrassi;Pellegrino;Shayganpour;Marinaro
Pattathil;Manca;Giannuzzi;Veramonti
Aroyo;Sciutti;Rea
Mastrogiacomo;Papaleo;Scheggia;Wang;De Luca;Mereu
De Felice;Papaleo;Greco;Gozzi
Tullii;Lanzani;Colombo;Antognazza;Di Fonzo;Bossio;Bellani
Carissimi;Murino;Beyan;Becchio
Degl'Innocenti;Marino;Mattoli;Ciofani;Mazzolai
Criante;Lanzani;Scotognella;Mezzetti;Valentini;Kriegel;Natali;Eaton;Bonfadini;Di Fonzo;Ferrari
Cassano;Santi;Voliani
Curreli
Traversaro;Romano;Nori;Pucci;Camoriano;Rosasco;Metta
Prato;Cerea;De Trizio;Gatti;Papadopoulou;Ansaldo;Petrozza;Dang;Manna;Genovese;Najafi;Mosconi;Gaspari;Scrosati;Davis;Dinh;Canale;Heredia-Guerrero;Shamsi;Krahne;Morselli;Sun;Scotognella;Lombardi;Chen;Tassone;Pellegrini;Kriegel;Pellegrino;Masood;Buha;Urso;Bayer;Cingolani;Ferrari;Lanzani;Dell'Erba;Gandini;Intartaglia;Binda;Athanassiou;Palazon;De Angelis;Imran;Zhu;Feng;Brescia;Di Pietro;Li;Wang;Ceseracciu;Toma;Colombo;Bonaccorso;Salerno;Khan;Akkerman;Neutzner;Manca;Bertoni;Najafishirtari;Bianchini;Caironi
Pucci;Romano;Traversaro;Nava;Nori;Charbonneau;Silvestri;Metta
Akkerman;Gandini;Shamsi;Krahne;Petrozza;Dang;Imran;Palazon;De Angelis;Prato;Tassone;Neutzner;Manna;Lanzani;Brescia;Bertoni;Mosconi
Giuliani;Pelicci;Brayda;Wang;Genovese;Di Francesco
Artyukhin;Bonaccorso;Cataldi;Athanassiou;Pellegrini;Bayer;Chen;Cingolani;Nanni
Cesca;Criscuolo;Genovese;Fassio;Bandiera;Bramini;Chiacchiaretta;Armirotti;Maragliano;Moretti;Marini;Torre;Benfenati;Sacchetti;Rocchi;Carminati
Morrone;Peruzzi;Esposito;Farina;Tomassini;Sandini;Grimaldi
Belloni;Le Pera;Guerrieri
Rivolo;Chiolerio;Gigot;Bianco;Castellino;Pirri;Frascella;Conti;Chiado;Fontana
Di Martino;Pontis;Berti;Sacconi;Russo;Bandiera;Ponzano;Attanasio;Ocello;Cavalli;Catalano;Romeo;Ferraro;Armirotti
Najafishirtari;Brescia;Pellegrino;Colombo;Prato;Manna
Zunino;Murino;Cavazza
Vallone;Testi;Peruzzi;Baiocco
Cheng;Caldwell;Davies
Garoli;Cerea;Toma;Tantussi;Caprettini;Jacassi;De Angelis;Calandrini;Lovato;Dipalo
Vasco;Bartolozzi;Glover
Salvietti;Prattichizzo;Malvezzi;Gabiccini;Moscatelli;Bicchi;Rossi
Pagliano;Manfredi;Chiodoni;Saracco
Mauro;Pagani;Baglietto;Valentini;Balzani;Maggi;Tucci;Gozzi
Diaspro;Gatti;Liakos;Genovese;Garau;Surdo;Romeo;Tortarolo;Canale;Duocastella;Lanzano;Cecchi;Chen;Barone;Vicidomini;Pellegrino;Ravasenga;Scipioni;Hernandez;De Pietri Tonelli;Vecchione;Netti;Cataldi;Intartaglia;Piazza;Castello;Zhou;Brescia;Dante;Barberis;Giordani;Li;Ceseracciu;Romano;Salerno;Magrassi;Deguchi;Bianchini;Petrini
Miele;Toma;Gulzar;De Angelis;Ferretti;Rea;Li;Laneve;Wang;Messina;Lovato;Dipalo
Marini;Morasso;Lanzani;Papadopoulou;Antognazza;Colombo;Feyen;Athanassiou;Pignatelli;Agosta;Cesca;Maya-Vetencourt;Genovese;Torre;Moretti;Benfenati;Bayer;Hajiali;Squeri;Davis
Criscuolo;Sacchetti;Benfenati;Cesca;Maragliano;Carminati
Gatto;Pompa;Pellegrini;Bardi;Parodi;Malvindi;Rocchi;Armirotti
Angelini;Rizzo;Pirani;Frascella
Toxiri;Masood;Caldwell;Ortiz
Nguyen;Kanoulas;Hoffmann;Tsagarakis;Pattacini;Dayan;Caldwell;Metta
Taccola;Sadeghi;Mazzolai;Del Dottore;Pignatelli;Mattoli;Beccai;Palumbo;Greco;Totaro
Forti;Coletti
Attanasio;Di Martino
Natale;Malzahn;Vezzani;Causa;Rosasco;Falchi;Lee;Tsagarakis;Metta;Netti;Kanoulas;Kryczka;Nori;Ajoudani;Tikhanoff;Catalano;Bicchi;Sandini;Mar;Caldwell;Salerno;Regoli;Kashiri;Higy;Negrello;Pattacini;Settimi;Pasquale;Rocchi
Bertozzi;Falchi;Pontis;Realini;Ortega;Bandiera;Ponzano;Cavalli;Romeo;Reggiani;Scarpelli;Bertorelli;Armirotti
Fontana;Chiappone;Bejtka;Gigot;Bianco;Castellino;Pirri;Maggi;Rivolo;Cauda;Bella;Tucci;Quaglio
Miscuglio;Krahne
Hilt;Pozzo
Genchi;Marino;Pignatelli;Mattoli;Ciofani;Gemmi;Ceseracciu;Grillone;De Pasquale
Boi;Bartolozzi;Semprini;Tucci;Vato
Prestigio;Guarnieri;Corradi;Castroflorio;Fassio;Benfenati;Orlando;Baldelli;Rossi
Polli;Lombardi;Ferrari
Nicassio;De Pietri Tonelli;Marzi;Hoffmann;Muller;De Pretis;Amati;Amin;Bonetti;Marinaro;Pelizzola;Armirotti
Zhu;Colombo;Prato;Pisanello;Zhou;Feng;Bertoni;Li;Chen;Polini;Wang
Sdruscia;Ferretti;Manni;Petroni;Di Magno
Athanassiou;Papadopoulou;Liakos;Rossi;Caputo;Genovese;Pinto;Fragouli;Marini;Davis;Moreels;Canale;Heredia-Guerrero;Morselli;Pellegrini;Pellegrino;Masood;Bayer;Cingolani;Ferrari;Cassani;Zahid;Cataldi;Pompa;Palazon;Russo;Valentini;Paul;Perotto;Martin-Garcia;Hajiali;Ceseracciu;Bertorelli;Nanni;Romano;Colombo;Bonaccorso;Prato;Contardi;Artyukhin;Pignatelli;Barthel;Bertoni;Bianchini;Murino;Armirotti
Colombo;Ansaldo;Manna;Genovese;Maya-Vetencourt;Fragouli;Marini;Scrosati;Weber;Moreels;Dinh;Sun;Feyen;Pellegrini;Pellegrino;Bossio;Cingolani;Lanzani;Antognazza;Zhu;Athanassiou;Feng;Brescia;Benfenati;Martin-Garcia;Wang;Tullii;Ceseracciu;Bellani;Bonaccorso;Prato;Bertoni;Najafishirtari;Chen
Tsagarakis;Peternel;Prattichizzo;Malzahn;Nguyen;Natale;Saccares;Fang;Lee;Roozing;Hernandez;Subburaman;Castano;Kanoulas;Kryczka;Ajoudani;Zhou;Catalano;You;Bicchi;Xin;Li;Wang;Caldwell;Kashiri;Negrello;Settimi;Rocchi;Rossi
Buha;Bonaccorso;Prato;Manna;Palazon;Genovese;Pellegrini;Najafi;Li
Natali;Criante;Peruzzi;Margheritis;Luzio;Scotognella;Dang;Chen;Pace;Xu;Garau;Castellani;Kim;Di Fonzo;Romeo;Bertarelli;Sampietro;Caironi
Ravasenga;Diaspro;Barberis;Scipioni;Duocastella;Lanzano
Kim;Luzio;Dang;Pompa;Decuzzi;Manna;Pace;Xu;Arciniegas;Natali;Caironi
Tessari;Perego;Berti;Ferrari;Girotto
Cardano;Giordani;Sun
Greco;Netti;De Felice;Piazza;Pignatelli;Mattoli;Barone;Taccola;Agostini;Palumbo;Gemmi;Maffettone;Bicchi
Ferrari;Perego;Liakos;Polli;Scotognella;Lombardi;Kriegel;Tessari;Lanzani;Athanassiou;Pompa;Benfenati;Moretti;Li;Baldelli;Berti;Sampietro;Criante;Bonaccorso;Prato;Girotto;Eaton;Rocchi;Rossi
Rubino;Tagliaferri
Agosta;Battelli;Casile;Ferraro;Marini
Pirani;Angelini;Rizzo;Frascella
Chiodoni;Pagliano;Manfredi;Bejtka;Margaria;Bianco;Russo;Castellino;Armato;Tommasi;Massaglia;Pirri;Quaglio;Agostino;Pentassuglia;Salvador;Saracco;Garino
Guarnieri;Vecchione;Netti;Corvaglia;Celentano;Pompa;Corradi;Raiola;Castroflorio;Fassio;Silvestri;Benfenati;Melone;Orlando;Baldelli;Cosentino;Prestigio;Profeta;Imparato;Rossi
Pozzi;Peruzzi;Prattichizzo;Palermo;Malvezzi
Moglianetti;Pedone;De Luca;Pompa
Tessadori;Chiappalone;Scarsi;Barresi;Schiatti;Caldwell;Pasquale
Romei;Barone;Pellegrini
Esposito;Canale;Netti;Santoro;Simeone;Morrone;Saracco;Catalano;Fabiano;Grimaldi;Hernandez;Blasi
Fassio;Guarnieri;Corradi;Castroflorio;Cesca;Bramini;Chiacchiaretta;Benfenati;Orlando;Baldelli;Prestigio;Rossi
Ponzano;Pontis;Realini;Ortega;Bandiera;Bertozzi;Di Martino;Romeo;Reggiani
Bramini;Lanzani;Antognazza;Russo;Cesca;Fassio;Maya-Vetencourt;Bandiera;Chiacchiaretta;Benfenati;Di Fonzo;Sacchetti;Rocchi;Armirotti
Vlasov
Parodi;Gatto;Espinoza;Pellegrini;Rocchi;Armirotti
Amin;Nicassio;Berdondini;De Pietri Tonelli;Marzi;Hoffmann;Maccione;Marinaro;Zordan
Manni;Sdruscia;Ferretti;Petroni;Di Magno
Antonacci;Silvestri;Di Domenico;De Panfilis;Ruocco
Tikhanoff;Natale;Pattacini;Nori;Mar
Spitaleri;Marchetti
Bertorelli;Heredia-Guerrero;Romano;Falchi;Contardi;Pompa;Athanassiou;Russo;Valentini;Pignatelli;Bandiera;Cavalli;Perotto;Bertozzi;Bayer;Hajiali;Scarpelli;Ceseracciu;Armirotti
Nanni;Bonaccorso;Cataldi;Artyukhin;Athanassiou;Pellegrini;Pinto;Fragouli;Bayer;Cingolani
Gozzi;Pagani;Liska;Mauro;De Felice;Papaleo;Balzani;Pasqualetti;Bifone;Maggi;Bertero;Tucci
Michetti;Baldelli;Corradi;Benfenati;Binda;Castroflorio
Carli;Maggiolini;Fadiga;Ricci;Zucchini;Ciarpella
Di Pietro;Cerea;De Angelis;Toma;Prato;Manna
Romano;Heredia-Guerrero;Diaspro;Traversaro;Athanassiou;Nori;Pucci;Pignatelli;Bertorelli;Ceseracciu
Frigerio;Focchi;Giliberti;Semini;Paul;Gao;Biagioni;Pellegrini;Barasuol;Caldwell
Carosio
De Pretis;Galeota;Nicassio;Marzi;Muller;Campaner;Morelli;Amati;Bonetti;Croci;Pelizzola;Ceol
Armato;Margaria;Chiodoni;Pirri;Tommasi;Agostino;Pentassuglia;Ahmed;Quaglio
Lin;Camoriano;Rosasco
Maffeis
Piasini;Panzeri;Fellin
Massaglia;Garino;Margaria;Chiodoni;Castellino;Agostino;Salvador;Quaglio
Ocello;Cavalli;Berti;Di Martino
Zucchetti;Bossio;Lanzani;Antognazza;Bellani
Thorat;Salerno
Pentassuglia;Margaria;Chiodoni;Armato;Agostino;Tommasi;Quaglio
Bertoni;Ansaldo;Dang;Manna;Cavalli;Gaspari;Scrosati;Moreels;Shamsi;Krahne;Scotognella;Kriegel;Pellegrino;Almeida;Cassani;Zhu;Athanassiou;Palazon;Imran;Feng;Brescia;Avellini;Li;Wang;Dogan;Colombo;Prato;Angeloni;Akkerman;Barthel;Chen
Tonelli;Gori;Piazza;Becchio;Espinoza;Morelli;Brayda;Finocchietti;Cavallo;Amati;Baud-Bovy;Cappagli;Ansuini
Roozing;Caldwell;Malzahn;Tsagarakis;Li
Dorigoni;Bifone;Gemmi;Gorrini
Casile;Battelli;Agosta
Grillone;Marino;Ciofani;Genchi
Giannuzzi;De Trizio;De Gregorio;Ferro;Manna;Manca;Corrente;Pattathil;Fabiano;Veramonti
Carminati;Lanzani;Criscuolo;Bianco;Cesca;Oliveros;Maragliano;Benfenati;Sacchetti;Caironi
Pagani;Mauro;Bruno;Balzani;De Santis;Maggi;Tucci;Gozzi
Arencibia;Riccardi;Girotto;De Vivo;Ortega;Borgogno;Bauer;Braccia;Armirotti
Domini;Volcic
Focchi;Frigerio;Semini;Gao;Barasuol;Featherstone;Caldwell;Mastalli
Ferro;Manca;Caputo;Giannuzzi
Bonetti;Nicassio;Marzi;Muller;De Pretis;Amati;Pelizzola
Tantussi;Cerea;Caprettini;Jacassi;De Angelis;Garoli;Perotto;Messina;Lovato;Dipalo
Perego;Tessari;Berti;Ferrari;Girotto
Davies;Caldwell;Cheng
Moccia;Bifone;Penza
Tommasi;Margaria;Chiodoni;Armato;Pirri;Agostino;Salvador;Pentassuglia;Quaglio
Zucca;Moretti;Fellin
Baud-Bovy;Tatti;Cappagli;Finocchietti;Gori;Tonelli
Mirmahboub;Murino;Del Bue
Abels;De Vittorio
Cella;Blasi
Laneve;Peruzzi;Miele;De Santis;Santini;Ferretti;Rea;Capauto;Rossi
Pozzo;Hilt;Fadiga
Reggiani;Cavalli;Ortega;Bertozzi;Bandiera;Ponzano
Cosentino;Vecchione;Netti;Melone;Guarnieri;Celentano
Wang;Pelicci;Miele;Papaleo;Castellino;Genovese;Castroflorio;Palumbo;Di Francesco;Fang;Infante;Ghirga;Pellegrini;Tsagarakis;Mereu;Mastrogiacomo;Zhu;Huang;De Angelis;Zhou;Feng;Perotto;Li;Thomas;Toma;Berardozzi;Colombo;Prato;Gao;Giuliani;De Luca;Bertoni;Chen;Scheggia
Tortarolo;Diaspro;Castello;Vicidomini;Deguchi;Bianchini;Hernandez
Magara;Cancedda
Bertarelli;Tao;Petrozza;Bianco;Xu;Neutzner;Sorrentino;Natali;Perinot;Parisini;Sampietro;Caironi
Lanzano;Ravasenga;Diaspro;Barberis;Scipioni;Duocastella
Zia;Gaspari;Decherchi;Rocchia
Melloni;Costanza;Pelicci;Muller;Ceol;Barberis;Ronchini;Pelizzola;Rossi
Radulescu
Urso;De Trizio;Scotognella;Prato;Manna;Kriegel;Manca;Gaspari
Italia;Giliberti
Bardi;Rodriguez;Pompa;Gatto;Gagliardi;Bifone;Corvaglia;Bertero;Malvindi
Donini;Oneto;Pontil
Corrente;Fabiano;Giannuzzi
Soloperto;Chiappalone;Palazzolo;Difato
Rahman;Chen;Caldwell;Canali;Cannella
Pietralunga;Tagliaferri;Di Fonzo;Nava
Palermo;Ferretti;Peruzzi;Pozzi
Ventre;Imparato;Netti
Hernandez;Diaspro;Bejtka;Russo;Castello;Esposito;Vicidomini;Tsagarakis;Saracco;Bianchini;Caldwell;Tortarolo
Gandini;Lanzani;Dell'Erba;Petrozza;Prato;Manna;Binda;Akkerman;Tassone;Neutzner;Sorrentino;Caironi
Castellino;Chiolerio;Chiappone;Garino;Bejtka;Margaria;Chiodoni;Gigot;Bianco;Pirri;Frascella;Massaglia;Agostino;Salvador;Chiado;Rivolo;Cauda;Fontana;Biamino;Wang;Bocchini;Quaglio
Sadeghi;Mazzolai;Del Dottore;Mattoli;Taccola;Beccai;Totaro
Badino;D'Ausilio;Camurri;Metta;Fadiga
Russo;Maya-Vetencourt;Gustincich;Saracco;Cavalli;Ferraro;Canale;Ponsiglione;Hernandez;Lanzani;Netti;Antognazza;Chiodoni;Athanassiou;Bandiera;Bramini;Benfenati;Hajiali;Bertorelli;Bejtka;Espinoza;Ascenzi;Di Martino;Di Fonzo;Armirotti
Conti;Chiolerio;Bejtka;Bruno;Pirri;Cavalli;Giacomini;Rivolo
Casadio
Convertino;Piazza;Mishra;Gemmi;Coletti;Miseikis;Rossi
Andreoni;Barone;Ballone
Benfenati;Criscuolo;Rossi;Genovese;Maya-Vetencourt;Castroflorio;Armirotti;Maragliano;Marini;Prestigio;Michetti;Feyen;Orlando;Ferrari;Lanzani;Antognazza;Binda;Guarnieri;Russo;Corradi;Bandiera;Fassio;Bramini;Chiacchiaretta;Moretti;Baldelli;Sampietro;Colombo;Cesca;Torre;Di Fonzo;Sacchetti;Rocchi;Carminati
Ahmed;Armato;Agostino;Margaria;Quaglio
Hajiali;Canale;Heredia-Guerrero;Papadopoulou;Athanassiou;Russo;Bertorelli;Marini;Bayer;Ceseracciu;Cingolani;Armirotti
Galeota;Campaner;Morelli;De Pretis;Amati;Croci;Pelizzola;Ceol
Cannella;Canali;Huang;Chen;Bicchi;Rahman;Caldwell;Rossi
Sampietro;Rocchi;Natali;Benfenati;Moretti;Baldelli;Bertarelli;Ferrari;Caironi
Blasi;Martelli;Esposito;Pasqualetti;Scarpa;Cella;Fabiano;De Vittorio;Rossi
Toma;Cerea;Krahne;Giliberti;Gulzar;Miele;Prato;De Angelis;Manna;Garoli;Di Pietro;Li;Calandrini;Wang;Messina
De Gregorio;Manca;Imparato;Netti;Giannuzzi
Ballone;Andreoni;Barone
Contardi;Heredia-Guerrero;Athanassiou;Pompa;Valentini;Perotto;Bayer;Bertorelli
Gabiccini;Marino;Prattichizzo;Moscatelli;Leo;Bicchi;Settimi;Salvietti
Pignatelli;Marino;Heredia-Guerrero;Romano;Papadopoulou;Athanassiou;Mattoli;Taccola;Bertorelli;Ciofani;Palumbo;Marini;Mugnaioli;Genchi;Bayer;Ceseracciu;Greco;Davis
Hoffmann;Nicassio;De Pietri Tonelli;Marzi;Muller;Nguyen;Pattacini;Amin;Marinaro;Metta;Fadiga
Celentano;Cosentino;Vecchione;Netti;Melone;Guarnieri
Sinibaldi;Lee;Mazzolai;Castelli
Feng;Colombo;Prato;Zhu;Manna;Bertoni;Wang
Savarese;Bremond;Xu;Netti;Cavalli
Sorrentino;Tao;Gandini;Petrozza;Xu;Neutzner;Perinot;Bertarelli;Caironi
Bimbo;Noh
Ferretti;Petroni;Miele;Sun;Manni;Huang;Papaleo;Sdruscia;Zhou;Rea;Laneve;Di Magno;Murino;Sona;Palermo
Barthel;Heredia-Guerrero;Athanassiou;Pellegrino;Bertoni;Fragouli;Cassani
Pereira;Cancedda;Zeestraten;Manneschi;Decuzzi;Marinaro;Calinon
Zerlaut
Grioli;Catalano;Bicchi;Piazza
Corvaglia;Rodriguez;Bardi;Guarnieri;Pompa
Moscatelli;Prattichizzo;Salvietti;Bicchi;Gabiccini
Bauer;Arencibia;Girotto;De Vivo;Ortega;Ortiz;Borgogno;Braccia;Armirotti
Zucchini;Carli;Ricci;Maggiolini;Fadiga;Ceseracciu;Ciarpella
Rossi;Pelicci;Prattichizzo;Liakos;Causa;Castroflorio;Maragliano;Ronchini;Ferraro;Dannhauser;Prestigio;Cannella;Rinaldi;Melloni;Tsagarakis;Orlando;Ferrari;Netti;Martelli;Athanassiou;Guarnieri;De Angelis;Ajoudani;Corradi;Fassio;Benfenati;Coletti;Bicchi;Baldelli;Laneve;Caldwell;Blasi;Angeloni;Santini;Convertino;Salvietti
Chiolerio;Chiappone;Bejtka;Motto Ros;Chiappalone;Ariano;Castellino;Pirri;Conti;Crepaldi;Rivolo;Bocchini
De Trizio;Scotognella;Prato;Manna;Kriegel;Manca;Urso;Veramonti;Gaspari;Giannuzzi
Margheritis;Castellani;Natali;Peruzzi;Garau;Romeo
Trucco;Murino;Cristani
Forli;Gori
Marzi;Nicassio;De Pietri Tonelli;Muller;Hoffmann;De Pretis;Amati;Amin;Bonetti;Marinaro;Pelizzola;Armirotti
Cristani;Murino;Trucco
Maya-Vetencourt;Lanzani;Colombo;Antognazza;Feyen;Russo;Bramini;Benfenati;Marini;Di Fonzo
Sacconi;Catalano;Di Martino
Najafi;Bonaccorso;Antognazza;Prato;Pellegrini;Buha;Bellani
Cavalli;Bremond;De Vivo;Manna;Moroni;Bertozzi;Reggiani;Gaspari;Ferraro;Falchi;Riccardi;Sun;Rocchia;Scotognella;Kriegel;Pellegrino;Almeida;Netti;Bruno;Russo;Conti;Bandiera;Avellini;Berti;Bertorelli;Bernetti;Savarese;Ocello;Mollica;Bertoni;Di Martino;Scarpelli;Decherchi;Armirotti
Beccai;Sadeghi;Mazzolai;Del Dottore;Mattoli;Taccola;Li;Totaro
Dell'Erba;Gandini;Petrozza;Nava;Prato;Binda;Neutzner;Di Fonzo;Perinot;Caironi
Rosasco;Traversaro;Nori;Lin;Higy;Natale;Rudi;Camoriano;Pasquale;Metta
Deguchi;Diaspro;Castello;Vicidomini;Moreno;Scrosati;Tortarolo
Scrosati;Colombo;Bonaccorso;Sun;Ansaldo;Manna;Prato;Pellegrini;Deguchi;Nakamura;Bertoni;Moreno;Chen;Cingolani;Dinh
Blau;Petrushin
Grimaldi;Vecchione;Santoro;Netti;Esposito;Morrone;Catalano
Vikulov;Ceseracciu;Krahne;Dang;Manna
Todaro;De Vittorio;Lemma;Algieri
Infante;Berardozzi;Ghirga;Mori;Di Magno;Wang;Quaglio
Must
Bocchini;Chiolerio;Chiappone;Bejtka;Motto Ros;Chiappalone;Ariano;Castellino;Pirri;Crepaldi
Krahne;Toma;Dogan;Miscuglio;Dang;Prato;Manna;Palazon;De Angelis;Akkerman;Angeloni;Moreels;Arciniegas;Bertoni;Almeida;Gaspari;Ceseracciu;Vikulov
Morselli;Papadopoulou;Prato;Athanassiou;Palazon;Caputo;Fragouli;Bayer
Duocastella;Diaspro;Lanzano;Piazza;Castello;Vicidomini;Ravasenga;Barberis;Surdo;Scipioni
Cecchi;Canale;Diaspro;Riccardi;Piazza;Morelli;Scognamiglio;Leone;Dante
Jacassi;Cerea;Tantussi;De Angelis;Garoli;Perotto;Calandrini;Caprettini;Dipalo
Becchio;Beyan;Quarona;D'Ausilio;Gori;Podda;Cavallo;Tonelli;Murino;Ansuini;Carissimi;Koul
Vicidomini;Diaspro;Del Bue;Duocastella;Chen;Castello;Deguchi;Bianchini;Hernandez;Tortarolo
Thomas;Huang;Wang;Palumbo;Papaleo;Chen
Pellegrino;Marino;Diaspro;Manna;Cavalli;Ciofani;Parlanti;Polini;Gaspari;Alberti;Scotognella;Sileo;Mattoli;Kriegel;Silvestri;Almeida;Cassani;Vecchione;Netti;Athanassiou;Pompa;Ortega;Brescia;Avellini;Catalano;Dante;Colombo;Prato;Pisanello;Magrassi;De Luca;Barthel;Bertoni;Torre;Najafishirtari;Lemma;Profeta
Crepaldi;Bartolozzi;Motto Ros;Bocchini;Pirri;Chiolerio
Vignolo;Sciutti;Rea;Sandini
Maffettone;Netti;Greco
Amati;Galeota;Nicassio;Sabo;Marzi;Muller;Piazza;Rava;Campaner;Morelli;De Pretis;Bonetti;Tonelli;Pellanda;Croci;Pelizzola;Ceol
Voliani;Santi;Beltram;Cassano
Di Domenico;Silvestri;Antonacci;De Panfilis;Ruocco
Marinaro;Nicassio;Berdondini;De Pietri Tonelli;Manneschi;Decuzzi;Marzi;Hoffmann;De Angelis;Maccione;Giacomini;Pereira;Dante;Amin;Zordan
Tucci;Pagani;Mauro;Zhao;Lee;Chiappalone;Balzani;Bianco;Xu;Pirri;Quaglio;Colombi;Semprini;Maggi;Fontana;Pasquale;Boi;Gozzi;Vato
Malvindi;Gatto;Fiammengo;Pompa;Bardi;Perinot;Caironi
Bartolozzi;Crepaldi;Glover;Boi;Vasco;Vato
Castano;Caldwell;Zhou;Tsagarakis;Li
Cingolani;Fragouli;Scrosati;Davis;Dinh;Canale;Heredia-Guerrero;Sun;Pellegrini;Bayer;Thalhammer;Cataldi;Athanassiou;Paul;Hajiali;Caldwell;Ceseracciu;Nanni;Colombo;Bonaccorso;Prato;Artyukhin;Metta
Rodriguez;Corvaglia;Bardi
Semini;Focchi;Frigerio;Gao;Ortiz;Barasuol;Li;Featherstone;Caldwell;Camurri;Mastalli
Pompa;Liakos;Gatto;Pedone;Perinot;Heredia-Guerrero;Corvaglia;Sileo;Pellegrino;Bardi;Bayer;Ferrari;Guarnieri;Athanassiou;Fiammengo;Valentini;Moglianetti;Brescia;Perotto;Kim;Li;Malvindi;Bertorelli;Contardi;Pisanello;De Luca;Lemma;Bianchini;Caironi
Ajoudani;Peternel;Lee;Kanoulas;Bicchi;Kryczka;Malzahn;Kashiri;Tsagarakis;Natale;Negrello;Catalano;Caldwell;Li;Settimi;Rocchi;Rossi
Pirri;Chiolerio;Chiappone;Manfredi;Bejtka;Motto Ros;Gigot;Chiodoni;Lorusso;Bianco;Armato;Castellino;Quaglio;Tommasi;Conti;Crepaldi;Rivolo;Bocchini;Fontana;Cauda;Tucci;Garino
Zhou;Fang;Castano;Diaspro;Sun;Zhu;Bruno;Tsagarakis;Ferretti;Li;Caldwell;You;Xin;Wang
Quarona;Cavallo;Ansuini;Becchio;Koul
Brescia;Diaspro;Liakos;Ansaldo;Dang;Manna;Arciniegas;Mosconi;Moreels;Canale;Shamsi;Scotognella;Tassone;Pellegrini;Kriegel;Pellegrino;Silvestri;Castelli;Lanzani;Intartaglia;Pompa;Palazon;De Angelis;Imran;Giordani;Martin-Garcia;Ceseracciu;Colombo;Bonaccorso;Prato;Khan;Akkerman;Angeloni;Bertoni;Najafishirtari;Di Fonzo;Bianchini
Giacomini;De Pietri Tonelli;Marinaro;Conti
Nakamura;Scrosati
Falchi;Sun;Salerno;Bandiera;Natale;Cavalli;Bertozzi;Scarpelli;Bertorelli;Armirotti
Rizzo;Angelini;Calvo;Pirani;Frascella;Giansante
Biamino;Manfredi;Cattano;Lorusso;Lombardi;Castellino;Pellegrini;Trevisan;Ambrosio
You;Zhou;Tsagarakis;Xin
Baldelli;Binda;Guarnieri;Michetti;Corradi;Castroflorio;Fassio;Rocchi;Benfenati;Moretti;Orlando;Ferrari;Prestigio;Sampietro;Rossi
Barker;Petrozza
Panuccio;Chiappalone;Semprini
Mollica;Bernetti;Decherchi;Cavalli
Cardinali;Pontis;Armirotti
Costanza;Muller;Melloni;Santoro;Pelizzola;Ceol
Battelli;Casile;Ferraro;Agosta
Bonaccorso;Gatti;Ansaldo;Manna;Najafi;Scrosati;Weber;Dinh;Sun;Lombardi;Pellegrini;Buha;Gemmi;Bayer;Cingolani;Ferrari;Cataldi;Antognazza;Athanassiou;Brescia;Ren;Li;Nanni;Bellani;Colombo;Salerno;Prato;Artyukhin;Chen
Pica
Gulzar;De Angelis;Miele;Toma;Li
Mazzarotta;Causa;Netti
Magrassi;Diaspro;Dante;Pellegrino
Forcellini;Gao;Polini
Kopiske;Bruno
Campaner;Galeota;Sabo;Muller;Rava;Morelli;De Pretis;Amati;Croci;Pelizzola;Ceol
Espinoza;Russo;Laurino;Gustincich;Parodi;Ascenzi;Leo;Tonelli;Rocchi
Algieri;De Vittorio;Lemma;Todaro
Fabiano;Constantin;Salerno;Blasi;Esposito;Corrente;Perinot;Shayganpour;Giannuzzi;Caironi
Noberini;Pasquale
Chen;Diaspro;Ansaldo;Manna;Papaleo;Palumbo;Scrosati;Cannella;Sun;Vicidomini;Kriegel;Natali;Rahman;Canali;Zhu;Huang;Castello;Ren;Li;Wang;Thomas;Caldwell;Colombo;Bonaccorso;Prato;Artyukhin;Pisanello;Gao;Bertoni;Di Fonzo;Caironi
Sacchetti;Criscuolo;Bandiera;Bramini;Cesca;Armirotti;Maragliano;Benfenati;Rocchi;Carminati
Gerbella;Rizzolatti;Maranesi
Ceol;Costanza;Galeota;Muller;Melloni;Campaner;Morelli;De Pretis;Amati;Croci;Pelizzola
Bremond;Cavalli;Xu;Savarese
Liakos;Diaspro;Salerno;Athanassiou;Pompa;Brescia;Bianchini;Murino;Ferrari;Rossi
Mori;Infante;Berardozzi;Ghirga;Ricci;Ciotti;Xu;De Martino;Di Magno;Quaglio
De Vivo;Arencibia;Genna;Riccardi;Sun;Girotto;Ortega;Cavalli;Borgogno;Gaspari;Bauer;Braccia;Armirotti
Gigot;Bianco;Rivolo;Pirri;Fontana;Castellino
Ciotti;Mori;Bicchi
Xu;Tao;Bremond;Zhao;Petrozza;Mori;Luzio;Dang;Pace;Neutzner;Savarese;Sorrentino;Bertarelli;Beltram;Natali;Kim;Perinot;Polini;Tucci;Tomadin;Caironi
Xin;Zhou;Tsagarakis;You
Gorrini;Dorigoni;Bifone;Gemmi
Frascella;Pirani;Angelini;Castellino;Chiado;Rivolo;Rizzo
Lodola
Rizzolatti;Maranesi;Gerbella
Giansante;Rizzo
Finocchietti;Cappagli;Baud-Bovy;Gori;Tonelli
Prattichizzo;Malvezzi;Rossi;Gabiccini;Pozzi;Tsagarakis;Moscatelli;Bicchi;Salvietti
Mosconi;Lee;Petrozza;Prato;Manna;De Angelis;Akkerman;Meggiolaro;Neutzner;Brescia
Castelli;Manna;Arciniegas;Brescia;Sinibaldi;Bianchini;Ceseracciu
Ronchini;Pelicci;Melloni;Rossi
Perinot;Tao;Dell'Erba;Petrozza;Pompa;Fiammengo;Xu;Neutzner;Sorrentino;Fabiano;Malvindi;Bertarelli;Caironi
Polini;Mezzetti;Zhu;Gao;Xu;Valentini;Forcellini;Pellegrino;Beltram;Rostami;Torre;Di Fonzo;Orlando;Tomadin
Croci;Galeota;Sabo;Muller;Campaner;Morelli;De Pretis;Amati;Pelizzola;Ceol
Davis;Heredia-Guerrero;Papadopoulou;Prato;Athanassiou;Pignatelli;Masood;Marini;Bayer;Ceseracciu;Cingolani
Massetti;Lanzani;Caironi
Difato;Soloperto;Palazzolo;Chiappalone
Masood;Heredia-Guerrero;Prato;Athanassiou;Palazon;Toxiri;Ortiz;Bayer;Caldwell;Ceseracciu;Davis
Gustincich;Marino;Santoro;Piazza;Russo;Vatta;Espinoza;Ascenzi;Melone
Zenzeri
Mazzolai;Marino;Sadeghi;Del Dottore;Mattoli;Laschi;Degl'Innocenti;Taccola;Sinibaldi;Beccai;Ciofani;Li;Totaro
Ricci;Carli;Peruzzi;Petroni;Ansaldo;Mori;Maggiolini;Angotzi;Ciarpella;Zucchini;Ceseracciu;Metta;Fadiga
Muller;Costanza;Nicassio;Nava;Sabo;Marzi;Hoffmann;Melloni;Ceol;Campaner;Morelli;De Pretis;Amati;Bonetti;Croci;Pelizzola;Caironi
Laurino;Espinoza
Biagioni;Frigerio;Giliberti;Paul;De Angelis;Pellegrini;Orlando;Calandrini
De Martino;Mori
Cavazza;Murino;Zunino
Agostini;Greco;Barone
Schiatti;Barresi;Tessadori;Caldwell
Moreels;Colombo;Krahne;Athanassiou;Khan;Manna;Angeloni;Brescia;Bertoni;Martin-Garcia;Ceseracciu
Bella;Gerbaldi;Bejtka;Cauda;Fontana;Saracco
Calandrini;Cerea;Toma;Giliberti;Jacassi;De Angelis;Biagioni;Garoli;Caprettini;Dipalo
Pakkanen;Lombardi;Lorusso;Ambrosio;Trevisan;Manfredi
Squeri;Morasso;Moretti;Marini
Buffolo;Panzeri;Safaai
Scipioni;Ravasenga;Diaspro;Barberis;Duocastella;Lanzano
Abdelhady
Piazza;Diaspro;Gustincich;Beltram;Ciofani;Santoro;Duocastella;Cecchi;Lombardi;Mattoli;Mishra;Amati;Gemmi;Greco;Morelli;Catalano;Coletti;Miseikis;Bicchi;Tonelli;Vatta;Grioli;Convertino
Cataldi;Diaspro;Gatti;Bonaccorso;Athanassiou;Artyukhin;Pellegrini;Bayer;Ceseracciu;Cingolani;Nanni
Kanoulas;Subburaman;Lee;Malzahn;Kryczka;Ajoudani;Kashiri;Nguyen;Tsagarakis;Natale;Negrello;Catalano;Caldwell;Bicchi;Settimi;Rocchi
Martelli;Rossi;Blasi
Nori;Romano;Traversaro;Nava;Pucci;Tikhanoff;Charbonneau;Silvestri;Natale;Sciutti;Camoriano;Pattacini;Rosasco;Sandini;Metta
Agostino;Margaria;Chiodoni;Armato;Quaglio;Castellino;Tommasi;Massaglia;Pentassuglia;Ahmed;Garino
Safaai;De Feo;Panzeri;Buffolo;Vato
Simeone;Esposito
Dario;Laschi;Kryczka
Petrushin;Blau
Catalano;Malzahn;Natale;Grimaldi;Alberti;Santoro;Lee;Tsagarakis;Pellegrino;Kanoulas;Kryczka;Piazza;Sacconi;Ajoudani;Esposito;Bicchi;Caldwell;Grioli;Kashiri;Negrello;Di Martino;Settimi;Rocchi
Barberis;Pelicci;Diaspro;Duocastella;Lanzano;Melloni;Ravasenga;Petrini;Scipioni
Palazzolo;Chiappalone;Soloperto;Difato
Palomba;Palange;Decuzzi;Rizzuti
Bicchi;Marino;Godfrey;Prattichizzo;Malzahn;Rossi;Ciotti;Moscatelli;Natale;Cannella;Lee;Tsagarakis;Leo;Greco;Kanoulas;Kryczka;Piazza;Ajoudani;Catalano;Li;Caldwell;Gabiccini;Grioli;Kashiri;Negrello;Settimi;Rocchi;Salvietti
De Vittorio;Pisanello;Sileo;Lemma;Abels;Algieri;Scarpa;Todaro;Assad;Blasi
Shayganpour;Salis;Fabiano;Dante;Salerno
Caldwell;Peternel;Focchi;Malzahn;Davies;Nguyen;Toxiri;Barasuol;Natale;Deshpande;Rozo;Mastalli;Cannella;Lee;Roozing;Tsagarakis;Masood;Schiatti;Rahman;Cingolani;Hernandez;Subburaman;Castano;Semini;Zullo;Canali;Kanoulas;Ajoudani;Bruno;Kryczka;Tessadori;Zhou;Catalano;Bicchi;Li;Calinon;Featherstone;Camurri;Frigerio;Gao;Kashiri;Ortiz;Barresi;Negrello;Chen;Settimi;Cheng;Rocchi;Rossi
Ceseracciu;Marino;Diaspro;Dang;Manna;Arciniegas;Ciofani;Genchi;Davis;Vikulov;Moreels;Canale;Heredia-Guerrero;Krahne;Ricci;Maggiolini;Mattoli;Masood;Bayer;Castelli;Cingolani;Cataldi;Athanassiou;Palazon;Brescia;Zucchini;Martin-Garcia;Hajiali;Bertorelli;Romano;Colombo;Prato;Pignatelli;Ciarpella;Di Fonzo;Bianchini;Fadiga
Vatta;Santoro;Gustincich;Piazza
Bordier;Bifone
Bernetti;Cavalli;Mollica
Morasso;Squeri;Moretti;Marini;Sandini
Antonini
Fadiga;Carli;D'Ausilio;Ansaldo;Ricci;Badino;Maggiolini;Angotzi;Hoffmann;Pozzo;Pattacini;Zucchini;Sandini;Ceseracciu;Camurri;Metta;Ciarpella
Giordano;Li
Nava;Dell'Erba;Nori;Muller;Pucci;Tagliaferri;Di Fonzo;Caironi;Pietralunga
Regoli;Natale;Pattacini;Metta
Pace;Luzio;Dang;Xu;Natali;Kim;Caironi
Maggi;Pagani;Mauro;Balzani;Fontana;Tucci;Gozzi
Pattacini;Vezzani;Regoli;Nori;Hoffmann;Tikhanoff;Nguyen;Natale;Metta;Fadiga
Torre;Cesca;Genovese;Pellegrino;Benfenati;Moretti;Marini;Polini;Tomadin
Secchi
Mugnaioli;Pignatelli;Gemmi
Scheggia;Papaleo;Mastrogiacomo;Wang;De Luca;Mereu
Settimi;Marino;Lee;Kanoulas;Kryczka;Gabiccini;Malzahn;Ajoudani;Kashiri;Tsagarakis;Natale;Negrello;Catalano;Bicchi;Caldwell;Rocchi
Decherchi;Zia;Gaspari;Mollica;Cavalli;Rocchia
Scarsi;Tessadori;Pasquale;Chiappalone
Ciarpella;Carli;Ricci;Maggiolini;Zucchini;Ceseracciu;Fadiga
Constantin;Fabiano
Subburaman;Caldwell;Lee;Kanoulas;Tsagarakis
Liska;Gozzi
Lago
Petrozza;Tao;Lanzani;Dell'Erba;Gandini;Binda;Prato;Manna;De Angelis;Akkerman;Tassone;Meggiolaro;Xu;Neutzner;Sorrentino;Mosconi;Perinot;Barker;Bertarelli;Caironi
Capauto;Laneve;Peruzzi;De Santis
Ren;Papaleo;Li;Bonaccorso;Sun;Chen
Colombi;Tucci;Pasquale;Chiappalone
Moreno;Scrosati;Deguchi
Barasuol;Gao;Caldwell;Focchi;Semini;Frigerio
Beltram;Santi;Piazza;Xu;Voliani;Gemmi;Coletti;Miseikis;Polini;Tomadin
Di Cristo;Cancedda
Scognamiglio;Netti;Riccardi;Cecchi;Causa;Morelli;Leone
Leone;Morelli;Scognamiglio;Riccardi;Cecchi
Rizzuti;Palange;Decuzzi;Palomba
Paul;Frigerio;Giliberti;Athanassiou;Biagioni;Pellegrini;Fragouli;Bayer;Cingolani
Ferraro;Netti;Battelli;Russo;Causa;Agosta;Bandiera;Cavalli;Armirotti;Di Martino;Dannhauser;Rossi
Cappagli;Finocchietti;Baud-Bovy;Gori;Tonelli
Rozo;Calinon;Caldwell
Zullo;Caldwell
Berdondini;De Pietri Tonelli;Maccione;Amin;Marinaro;Sona;Murino;Zordan;Armirotti
Lee;Subburaman;Malzahn;Kanoulas;Kryczka;De Angelis;Kashiri;Ajoudani;Tsagarakis;Sinibaldi;Natale;Li;Negrello;Mosconi;Caldwell;Catalano;Bicchi;Settimi;Tucci;Rocchi
Zeestraten;Calinon;Pereira
Di Cicco;De Panfilis
Grassia;Buccelli;Chiappalone
Mattoli;Marino;Sadeghi;Mazzolai;Piazza;Pignatelli;Del Dottore;Degl'Innocenti;Taccola;Pellegrino;De Pasquale;Beccai;Ciofani;Palumbo;Gemmi;Parlanti;Genchi;Ceseracciu;Greco;Totaro
Leonetti;Folli;Ruocco
Barone;Diaspro;Andreoni;Salerno;Ballone;Romei;Pellegrini;Agostini;Greco
Marchetti;Spitaleri
Charbonneau;Pucci;Nori
Canali;Rahman;Caldwell;Chen;Cannella
Chiado;Rivolo;Castellino;Frascella
Mishra;Convertino;Piazza;Gemmi;Coletti;Miseikis
Borgogno;Arencibia;Girotto;De Vivo;Ortega;Bauer;Braccia;Armirotti
Gemmi;Marino;Bonaccorso;Dorigoni;Piazza;Mattoli;Miseikis;Gorrini;Pellegrini;Beltram;Mishra;Bifone;Parlanti;Ciofani;Coletti;Mugnaioli;Genchi;Convertino;Greco;De Pasquale
De Panfilis;Di Domenico;Antonacci;Di Cicco;Ruocco
Bayer;Papadopoulou;Fragouli;Marini;Davis;Canale;Heredia-Guerrero;Morselli;Pellegrini;Masood;Cingolani;Zahid;Cataldi;Pompa;Athanassiou;Palazon;Valentini;Paul;Perotto;Hajiali;Ceseracciu;Bertorelli;Nanni;Bonaccorso;Contardi;Artyukhin;Prato;Pignatelli
Dayan;Nguyen
Vato;Bartolozzi;Panzeri;Safaai;Semprini;De Feo;Tucci;Boi
Garino;Bejtka;Margaria;Chiodoni;Bianco;Castellino;Pirri;Agostino;Massaglia;Salvador;Quaglio
Palese;Pontis;Realini
Vecchione;Diaspro;Netti;Guarnieri;Celentano;Khan;Raiola;De Luca;Pellegrino;Silvestri;Melone;Bianchini;Grimaldi;Cosentino;Profeta
Ponsiglione;Russo;Netti
Ruocco;Folli;Leonetti;Antonacci;De Panfilis;Di Domenico
Del Bue;Mirmahboub;Murino;Castello;Vicidomini
Chiappalone;Chiolerio;Buccelli;Grassia;Difato;Ariano;Tessadori;Scarsi;Colombi;Palazzolo;Semprini;Bocchini;Tucci;Soloperto;Panuccio;Pasquale
Palazon;Heredia-Guerrero;Shamsi;Krahne;Dang;Morselli;Imran;Athanassiou;Akkerman;Prato;Caputo;Genovese;Manna;Buha;Masood;Brescia;Bertoni;Fragouli;Bayer;Li;Ceseracciu
Corradi;Binda;Guarnieri;Michetti;Castroflorio;Fassio;Maragliano;Benfenati;Orlando;Baldelli;Prestigio;Rossi
Bandiera;Falchi;Cancedda;Russo;Ortega;Cesca;Bramini;Bertorelli;Ponzano;Garau;Cavalli;Sacchetti;Castellani;Bertozzi;Benfenati;Di Martino;Romeo;Reggiani;Scarpelli;Ferraro;Rocchi;Armirotti
Chiacchiaretta;Bramini;Cesca;Fassio;Benfenati
Brayda;Giuliani;Gori;Tonelli
Petroni;Peruzzi;Ricci;Sdruscia;Ferretti;Di Magno;Manni
Bifone;Bordier;Gagliardi;Pasqualetti;Moccia;Gorrini;Bardi;Gemmi;Dorigoni;Bertero;Gozzi
Santoro;Costanza;Piazza;Vatta;Esposito;Gustincich;Catalano;Donati;Grimaldi
Moretti;Morasso;Fellin;Cesca;Genovese;Zucca;Torre;Benfenati;Marini;Ferrari;Baldelli;Squeri;Sampietro;Rocchi
Miseikis;Piazza;De Angelis;Beltram;Mishra;Gemmi;Coletti;Convertino;Messina
Mar;Natale;Tikhanoff
Featherstone;Caldwell;Focchi;Semini
Ambrosio;Cattano;Manfredi;Salerno;Lorusso;Lombardi;Valentini;Testa;Pellegrini;Trevisan;Biamino;Pakkanen
Totaro;Netti;Sadeghi;Mazzolai;Del Dottore;Mattoli;Taccola;Beccai;Li;Imparato
Tonini
Bertero;Bifone;Pasqualetti;Bardi;Gozzi;Gagliardi
Meggiolaro;De Angelis;Mosconi;Neutzner;Petrozza
Sun;Falchi;Bonaccorso;Colombo;Riccardi;De Vivo;Cardano;Ansaldo;Prato;Manna;Zhou;Pellegrini;Cavalli;Ferretti;Ren;Giordani;Li;Chen;Scrosati;Cingolani;Dinh
Angeloni;Krahne;Khan;De Angelis;Brescia;Bertoni;Martin-Garcia;Moreels;Rossi
Manneschi;Marinaro;Pereira;Decuzzi
Podda;Ansuini;Becchio
Anselmi
Gao;Focchi;Frigerio;Semini;Forcellini;Barasuol;Caldwell;Li;Chen;Polini;Wang
Farina;Ariano;Valentini;Peruzzi;Morrone
Rocchia;Zia;Gaspari;Decherchi;Cavalli;Realini
Pontil;Donini
Riccardi;Arencibia;Sun;De Vivo;Girotto;Cecchi;Morelli;Cavalli;Scognamiglio;Leone;Gaspari;Armirotti
De Luca;Vecchione;Netti;Pompa;Sileo;Pisanello;Papaleo;Moglianetti;Pellegrino;Mereu;Scheggia;Lemma;Palumbo;Cavallo;Pedone;Mastrogiacomo;Wang
Lovato;Miele;Tantussi;De Angelis;Garoli;Messina;Caprettini;Dipalo
Eaton;Criante;Ferrari
Mousavi;Murino
Rea;Miele;Ferretti;Sciutti;Vignolo;Aroyo;Sandini;Laneve
Rostami;Polini
Scarpelli;Falchi;Bandiera;Garau;Cavalli;Castellani;Bertozzi;Romeo;Bertorelli;Armirotti
Sala;Jurga
Pasquale;Chiappalone;Tessadori;Scarsi;Colombi;Natale;Rosasco;Noberini;Tucci
Rinaldi;Decuzzi;Rossi
Koul;D'Ausilio;Quarona;Cavallo;Ansuini;Becchio
Ghirga;Infante;Berardozzi;Mori;Di Magno;Wang;Quaglio
Bianchini;Canale;Vecchione;Netti;Diaspro;Liakos;Dang;Pompa;Athanassiou;Shamsi;Prato;Castello;Manna;Vicidomini;Arciniegas;Brescia;Castelli;Li;Ceseracciu;Hernandez;Tortarolo
Peternel;Ajoudani;Caldwell;Tsagarakis
Cuturi;Aggius-Vella;Gori;Parmiggiani
Chicharro;Panzeri
Giliberti;Toma;Frigerio;Paul;De Angelis;Biagioni;Pellegrini;Italia;Calandrini;Baiocco
Onken;Panzeri
Coclite;Decuzzi
Avellini;Scotognella;Manna;Kriegel;Pellegrino;Cavalli;Bertoni;Almeida;Gaspari
Li;Diaspro;Miele;Manna;Genovese;Beccai;Fang;Lee;Sun;Gulzar;Mazzolai;Chen;Roozing;Kriegel;Tsagarakis;Buha;Ferrari;Castano;Semini;Zhu;Pompa;Palazon;De Angelis;Ajoudani;Zhou;Ren;Bicchi;Wang;Totaro;Caldwell;Toma;Bonaccorso;Prato;Giordano;Gao;Bertoni;Bianchini;Murino
Genovese;Pelicci;Diaspro;Colombo;Intartaglia;Prato;Manna;Athanassiou;Palazon;Giuliani;Cesca;Garau;Buha;Li;Torre;Moretti;Fragouli;Di Francesco;Romeo;Marini;Wang;Benfenati
Godfrey;Bicchi
Arciniegas;Krahne;Manna;Brescia;Kim;Castelli;Bianchini;Ceseracciu
Desmaele
Pellanda;Amati;Rava
Cancedda;Magara;Decuzzi;Narducci;Bandiera;Pereira;Di Cristo;Armirotti
Parlanti;Marino;Mattoli;Ciofani;Gemmi;Pellegrino
Fragouli;Colombo;Morselli;Athanassiou;Palazon;Paul;Caputo;Genovese;Barthel;Pinto;Bayer;Cingolani;Nanni
Maragliano;Criscuolo;Rossi;Corradi;Castroflorio;Cesca;Benfenati;Sacchetti;Carminati
Calinon;Caldwell;Pereira;Zeestraten;Rozo;Bruno
Saccares;Tsagarakis
Vezzani;Natale;Pattacini
Balzani;Maggi;Pagani;Mauro;Tucci;Gozzi
Barresi;Tessadori;Schiatti;Caldwell;Deshpande
Parisini;Bertarelli
Parmiggiani;Cuturi;Metta;Gori;Aggius-Vella
Genna;Gaspari;De Vivo
Peruzzi;Margheritis;Petroni;Ricci;Pozzi;Farina;Garau;De Santis;Morrone;Testi;Natali;Baiocco;Castellani;Capauto;Laneve;Vallone;Palermo;Romeo
Assad;Sileo;De Vittorio;Pisanello
Scotognella;Criante;De Trizio;Lanzani;Prato;Manna;Tassone;Kriegel;Pellegrino;Brescia;Natali;Urso;Bertoni;Manca;Avellini;Almeida;Cavalli;Gaspari;Ferrari
Realini;Palese;Pontis;Rocchia;Ponzano;Bertozzi;Romeo
Maggiolini;Carli;Ricci;Zucchini;Fadiga;Ceseracciu;Ciarpella
Camurri;D'Ausilio;Semini;Badino;Ortiz;Caldwell;Fadiga
Pellegrini;Ansaldo;Giliberti;Gatto;Lorusso;Testa;Manna;Najafi;Scrosati;Dinh;Manfredi;Sun;Barone;Biagioni;Buha;Gemmi;Bayer;Cingolani;Cataldi;Athanassiou;Paul;Romei;Brescia;Parodi;Biamino;Ambrosio;Wang;Nanni;Colombo;Bonaccorso;Frigerio;Prato;Artyukhin;Rocchi;Armirotti
Rudi;Rosasco
Penza;Moccia;Ortiz
Mereu;Ciampoli;Huang;Papaleo;De Luca;Mastrogiacomo;Scheggia;Wang
Bellani;Lanzani;Colombo;Antognazza;Bonaccorso;Najafi;Zucchetti;Di Fonzo;Bossio;Tullii
Surdo;Diaspro;Duocastella
Oliveros;Bianco;Lanzani;Carminati;Caironi
Calvo;Rizzo
Moroni;Cavalli
Thalhammer;Cingolani
Caprettini;Cerea;Tantussi;Jacassi;De Angelis;Garoli;Perotto;Calandrini;Messina;Lovato;Dipalo
Cassani;Athanassiou;Barthel;Bertoni;Pellegrino
Tomadin;Beltram;Xu;Torre;Polini
Salis;Shayganpour;Dante;Salerno
Tao;Petrozza;Xu;Neutzner;Sorrentino;Perinot;Bertarelli;Caironi
Beyan;Murino;Becchio;Carissimi
Zahid;Heredia-Guerrero;Bayer;Athanassiou
Noh;Bimbo
Bruno;Pagani;Zhou;Kopiske;Conti;Cavalli;Calinon;Caldwell
Gagliardi;Bifone;Bertero;Bardi
Dobrowolny
Ciampoli;Huang;Papaleo;Mereu
De Feo;Panzeri;Safaai;Vato
Bejtka;Chiolerio;Chiappone;Chiodoni;Bianco;Russo;Castellino;Pirri;Quaglio;Conti;Cauda;Fontana;Bella;Bocchini;Garino;Hernandez
D'Ausilio;Badino;Becchio;Cavallo;Ansuini;Camurri;Koul;Fadiga
Gerbaldi;Saracco;Bella
Jurga;Sala
Di Magno;Infante;Petroni;Ghirga;Mori;Sdruscia;Ferretti;Manni;Quaglio
Castellani;Peruzzi;Margheritis;Bandiera;Garau;Natali;Romeo;Scarpelli
Imparato;De Gregorio;Netti;Guarnieri;Lombardi;Melone;Totaro;Profeta;Ventre
Malvezzi;Pozzi;Prattichizzo;Salvietti
Leo;Marino;Espinoza;Bicchi;Gabiccini
Intartaglia;Diaspro;Salerno;Prato;Genovese;Garau;Brescia;Romeo
Baglietto;Valentini;Mauro
Bottani
Decuzzi;Cancedda;Manneschi;Coclite;Rinaldi;Cervadoro;Palange;Pereira;Kim;Palomba;Rizzuti;Marinaro
Sabo;Muller;Campaner;Morelli;Amati;Croci;Pelizzola
Khan;Canale;Vecchione;Shamsi;Dang;Prato;Imran;Angeloni;Manna;Brescia;Martin-Garcia;Moreels
Maranesi;Rizzolatti;Gerbella
Higy;Natale;Rosasco
Maccione;Berdondini;Amin;Marinaro;Sona;Murino;Zordan
Ascenzi;Marino;Russo;Melone;Gustincich;Espinoza
Lemma;Pisanello;Sileo;Pompa;De Luca;Pellegrino;Algieri;Todaro;De Vittorio
Negrello;Lee;Kanoulas;Kryczka;Malzahn;Ajoudani;Kashiri;Tsagarakis;Silvestri;Natale;Catalano;Caldwell;Guerrero;Bicchi;Settimi;Rocchi
Zordan;Marinaro;Berdondini;Amin;Maccione
Dang;Canale;Shamsi;Krahne;Luzio;Prato;Imran;Khan;Akkerman;Pace;Palazon;Xu;Manna;Brescia;Natali;Bertoni;Kim;Bianchini;Ceseracciu;Vikulov;Caironi
Tassone;Gandini;Lanzani;Scotognella;Petrozza;Prato;Manna;Akkerman;Neutzner;Kriegel;Brescia
Ansuini;Quarona;D'Ausilio;Gori;Podda;Becchio;Cavallo;Tonelli;Koul
Dannhauser;Causa;Netti;Ferraro;Rossi
Rocchi;Malzahn;Gatto;Natale;Lee;Pellegrini;Tsagarakis;Sacchetti;Ferrari;Kanoulas;Kryczka;Ajoudani;Bandiera;Bramini;Parodi;Catalano;Benfenati;Moretti;Bicchi;Baldelli;Caldwell;Sampietro;Kashiri;Cesca;Espinoza;Negrello;Settimi;Armirotti
Tagliaferri;Rubino;Di Fonzo;Nava;Pietralunga
Pelicci;Melloni;Giuliani;Genovese;Barberis;Ronchini;Di Francesco;Wang;Rossi
Panzeri;Fellin;Onken;Safaai;Piasini;De Feo;Chicharro;Buffolo;Vato
Gatti;Manfredi;Diaspro;Cataldi;Salerno;Prato;Ansaldo;Bonaccorso
Ansaldo;Bonaccorso;Gatti;Salerno;Sun;Manna;Colombo;Angotzi;Prato;Ricci;Chen;Pellegrini;Brescia;Bertoni;Dinh;Scrosati;Fadiga
De Pietri Tonelli;Nicassio;Berdondini;Diaspro;Marzi;Hoffmann;Giacomini;Amin;Marinaro;Armirotti
Papaleo;De Felice;Ciampoli;Huang;De Luca;Mereu;Ferretti;Ren;Mastrogiacomo;Palumbo;Chen;Scheggia;Wang;Thomas;Murino;Gozzi;Sona
Narducci;Cancedda
Castroflorio;Binda;Guarnieri;Michetti;Corradi;Fassio;Maragliano;Benfenati;Orlando;Baldelli;Wang;Prestigio;Rossi
Saracco;Pagliano;Manfredi;Chiodoni;Russo;Esposito;Gerbaldi;Bella;Hernandez
Trevisan;Manfredi;Lorusso;Lombardi;Biamino;Pakkanen;Ambrosio
Romeo;Peruzzi;Diaspro;Margheritis;Intartaglia;Pontis;Realini;Genovese;Bandiera;Ponzano;Garau;Natali;Bertozzi;Di Martino;Castellani;Scarpelli
Pinto;Nanni;Fragouli;Athanassiou
Le Pera;Belloni;Guerrieri
Folli;Leonetti;Ruocco
Gaspari;Genna;Dogan;De Trizio;Krahne;Scotognella;Riccardi;Rocchia;De Vivo;Zia;Prato;Manna;Kriegel;Pellegrino;Cavalli;Avellini;Urso;Bertoni;Manca;Almeida;Decherchi
Sona;Berdondini;Huang;Papaleo;Maccione;Ferretti;Murino
Guerrero;Silvestri;Negrello;Di Fonzo
Quaglio;Infante;Berardozzi;Bejtka;Margaria;Chiodoni;Mori;Ghirga;Armato;Bianco;Castellino;Pirri;Tommasi;Massaglia;Agostino;Salvador;Pentassuglia;Fontana;Ahmed;Di Magno;Tucci;Garino
Dinh;Colombo;Bonaccorso;Sun;Prato;Ansaldo;Manna;Pellegrini;Scrosati;Cingolani
Chiappone;Chiolerio;Manfredi;Bejtka;Lorusso;Castellino;Pirri;Fontana;Bocchini
Bonfadini;Criante
Cattano;Lorusso;Ambrosio;Biamino;Lombardi;Manfredi
Messina;Toma;Miele;Tantussi;Caprettini;De Angelis;Coletti;Miseikis;Lovato;Dipalo
Santi;Beltram;Voliani;Cassano
Feyen;Lanzani;Colombo;Antognazza;Maya-Vetencourt;Benfenati;Marini
Camoriano;Nori;Metta;Lin;Rosasco;Traversaro
Salerno;Salis;Diaspro;Falchi;Intartaglia;Liakos;Gatti;Ansaldo;De Angelis;Prato;Barone;Bonaccorso;Natale;Thorat;Dante;Fabiano;Shayganpour;Ambrosio
Pasqualetti;Bifone;Bertero;Gozzi;Blasi
Deshpande;Caldwell;Barresi
Testi;Vallone;Peruzzi;Baiocco
Fellin;Piasini;Panzeri;Moretti;Zucca
Petrini;Diaspro;Barberis
Veramonti;De Trizio;Manca;Pattathil;Giannuzzi;Manna
Neutzner;Tao;Gandini;Dell'Erba;Lanzani;Binda;Petrozza;Manna;Prato;De Angelis;Akkerman;Tassone;Meggiolaro;Xu;Sorrentino;Mosconi;Perinot;Bertarelli;Caironi
Gori;Cuturi;Forli;Becchio;Baud-Bovy;Brayda;Tonelli;Cavallo;Finocchietti;Aggius-Vella;Cappagli;Ansuini;Parmiggiani
Baiocco;Testi;Vallone;Peruzzi;Giliberti
Buccelli;Grassia;Chiappalone
Manfredi;Pagliano;Chiappone;Cattano;Gatti;Chiodoni;Lorusso;Lombardi;De Angelis;Testa;Pirri;Trevisan;Saracco;Pellegrini;Manca;Biamino;Pakkanen;Ambrosio
Lanzani;Petrozza;Manna;Maya-Vetencourt;Marini;Massetti;Scotognella;Feyen;Bianco;Tassone;Kriegel;Oliveros;Bossio;Ferrari;Gandini;Antognazza;Russo;Bramini;Brescia;Benfenati;Tullii;Bellani;Criante;Colombo;Carminati;Prato;Akkerman;Neutzner;Zucchetti;Di Fonzo;Caironi
Antognazza;Lanzani;Bonaccorso;Colombo;Feyen;Russo;Maya-Vetencourt;Bramini;Najafi;Zucchetti;Benfenati;Marini;Di Fonzo;Bossio;Tullii;Bellani
Binda;Gandini;Dell'Erba;Petrozza;Prato;Michetti;Corradi;Castroflorio;Neutzner;Benfenati;Baldelli;Caironi
Kryczka;Lee;Kanoulas;Malzahn;Laschi;Kashiri;Ajoudani;Tsagarakis;Dario;Natale;Negrello;Catalano;Caldwell;Bicchi;Settimi;Rocchi
Fiammengo;Pompa;Caironi;Malvindi;Perinot
Valentini;Criante;Heredia-Guerrero;Mauro;Baglietto;Mezzetti;Pompa;Lorusso;Contardi;Athanassiou;Farina;Perotto;Di Fonzo;Orlando;Bayer;Polini;Ambrosio;Bertorelli
Ortega;Arencibia;De Vivo;Girotto;Bandiera;Ponzano;Pellegrino;Borgogno;Bertozzi;Reggiani;Bauer;Braccia;Armirotti
Rava;Morelli;Amati;Campaner;Pellanda
De Pasquale;Marino;Mattoli;Ciofani;Gemmi;Genchi
Semprini;Chiappalone;Tucci;Boi;Panuccio;Vato
Morelli;Galeota;Riccardi;Piazza;Sabo;Muller;Cecchi;Rava;Campaner;De Pretis;Amati;Scognamiglio;Leone;Tonelli;Croci;Pelizzola;Ceol
Tomassini;Morrone
Giordani;Brescia;Cardano;Diaspro;Sun
Sandini;Morasso;Nori;Morrone;Natale;Vignolo;Sciutti;Rea;Metta;Fadiga
Salzo
Pons
Berti;Perego;Girotto;Ocello;Cavalli;Di Martino;Tessari;Ferrari
Comoretto
Del Dottore;Sadeghi;Mazzolai;Mattoli;Taccola;Beccai;Totaro
Guerrieri;Le Pera;Belloni
Dogan;Gaspari;Bertoni;Krahne;Almeida;Manna
Berardozzi;Infante;Wang;Quaglio;Ghirga;Mori
Zhao;Xu;Tucci;Metta
Margaria;Chiodoni;Armato;Quaglio;Castellino;Agostino;Tommasi;Massaglia;Pentassuglia;Ahmed;Garino
Bianco;Lanzani;Bejtka;Chiodoni;Gigot;Quaglio;Castellino;Pirri;Caironi;Bertarelli;Oliveros;Rivolo;Fontana;Tucci;Garino;Carminati
Girotto;Arencibia;Perego;Riccardi;De Vivo;Ortega;Borgogno;Tessari;Bauer;Berti;Braccia;Ferrari;Armirotti
Cesarelli
Angotzi;Ansaldo;Ricci;Fadiga
Kashiri;Lee;Kanoulas;Kryczka;Malzahn;Ajoudani;Tsagarakis;Natale;Negrello;Catalano;Caldwell;Bicchi;Settimi;Rocchi
Mezzetti;Criante;Valentini;Polini;Di Fonzo;Orlando
De Santis;Pagani;Laneve;Peruzzi;Capauto
Mastalli;Caldwell;Focchi;Semini
Volcic;Domini
Santini;Laneve;Rossi
Sileo;Pisanello;Pompa;De Luca;Pellegrino;Lemma;De Vittorio;Assad
Manca;Manfredi;De Trizio;De Gregorio;Ferro;Scotognella;Prato;Manna;De Angelis;Kriegel;Urso;Pattathil;Veramonti;Gaspari;Giannuzzi
Perotto;Cerea;Heredia-Guerrero;Contardi;Pompa;Jacassi;De Angelis;Athanassiou;Tantussi;Valentini;Bayer;Wang;Bertorelli;Caprettini;Dipalo
Scarpa;De Vittorio;Blasi
Di Fonzo;Maya-Vetencourt;Polini;Mezzetti;Tagliaferri;Natali;Orlando;Guerrero;Lanzani;Dell'Erba;Antognazza;Russo;Valentini;Bramini;Brescia;Benfenati;Ceseracciu;Tullii;Bellani;Pietralunga;Criante;Nava;Chen;Caironi
Fantacci;De Angelis
Armirotti;Arencibia;Cancedda;De Vivo;Gatto;Marzi;Cavalli;Bertozzi;Ferraro;Nicassio;Berdondini;Falchi;Cardinali;Riccardi;Pontis;Pellegrini;Sacchetti;De Pietri Tonelli;Athanassiou;Russo;Ortega;Bandiera;Bramini;Parodi;Scarpelli;Benfenati;Hajiali;Bertorelli;Braccia;Girotto;Cesca;Borgogno;Di Martino;Bauer;Rocchi
Murino;Berdondini;Beyan;Liakos;Del Bue;Athanassiou;Huang;Trucco;Papaleo;Zunino;Cristani;Becchio;Maccione;Ferretti;Cavazza;Mousavi;Li;Mirmahboub;Sona;Carissimi
Cavallo;Metrangolo;Quarona;D'Ausilio;Luzio;Gori;Becchio;De Luca;Tonelli;Ansuini;Koul
Caironi;Petrozza;Dang;Xu;Perinot;Massetti;Luzio;Bianco;Muller;Natali;Oliveros;Tao;Lanzani;Dell'Erba;Gandini;Binda;Pompa;Fiammengo;Kim;Malvindi;Bertarelli;Sampietro;Prato;Nava;Pace;Neutzner;Sorrentino;Fabiano;Di Fonzo;Chen;Carminati
Profeta;Vecchione;Netti;Guarnieri;Pellegrino;Silvestri;Melone;Imparato
Metta;Zhao;Traversaro;Ricci;Regoli;Nori;Hoffmann;Pucci;Nguyen;Badino;Silvestri;Natale;Sciutti;Camoriano;Parmiggiani;Pattacini;Rosasco;Sandini;Cingolani;Fadiga
Melone;Marino;Vecchione;Netti;Guarnieri;Celentano;Gustincich;Ascenzi;Cosentino;Profeta;Imparato
